stitch_id_flat,drug_name,n_neuro_pt,neurotoxic
stitch_id,drug_name,0,0
CID100000085,carnitine,2,1
CID100000119,gamma-aminobutyric,0,0
CID100000137,5-aminolevulinic,2,1
CID100000143,leucovorin,5,1
CID100000146,5-methyltetrahydrofolate,0,0
CID100000158,PGE2,5,1
CID100000159,prostacyclin,5,1
CID100000160,prostaglandin,0,0
CID100000175,acetate,0,0
CID100000187,acetylcholine,0,0
CID100000191,adenosine,6,1
CID100000206,glucose,4,1
CID100000214,PGE1,3,1
CID100000222,ammonia,0,0
CID100000232,arginine,1,1
CID100000244,benzyl,1,1
CID100000247,betaine,0,0
CID100000271,calcium,6,1
CID100000297,graphene,0,0
CID100000298,chloramphenicol,3,1
CID100000303,bile,1,1
CID100000305,choline,0,0
CID100000311,citric,2,1
CID100000312,chloride,0,0
CID100000338,salicylate,1,1
CID100000401,D-cycloserine,6,1
CID100000444,bupropion,21,1
CID100000450,estradiol,12,1
CID100000453,mannitol,1,1
CID100000564,EACA,5,1
CID100000581,N-acetylcysteine,2,1
CID100000596,cytarabine,15,1
CID100000598,mesna,3,1
CID100000612,lactate,0,0
CID100000679,DMSO,0,0
CID100000681,dopamine,0,0
CID100000698,estrone,2,1
CID100000699,Oestrogen,3,1
CID100000700,monoethanolamine,0,0
CID100000727,lindane,2,1
CID100000738,glutamine,1,1
CID100000750,glycine,3,1
CID100000753,glycerol,2,1
CID100000767,bicarbonate,2,1
CID100000772,LMWH,1,1
CID100000774,histamine,1,1
CID100000785,quinol,0,0
CID100000813,potassium,2,1
CID100000815,kanamycin,2,1
CID100000838,epinephrine,2,1
CID100000853,thyroxine,4,1
CID100000861,triiodothyronine,0,0
CID100000888,magnesium,0,0
CID100000896,melatonin,4,1
CID100000923,sodium,4,1
CID100000937,niacin,3,1
CID100000942,nicotine,8,1
CID100000946,nitrite,3,1
CID100000948,nitrous,3,1
CID100000951,norepinephrine,0,0
CID100000961,hydroxyl,0,0
CID100001003,phosphate,3,1
CID100001046,pyrazinamide,0,0
CID100001054,pyridoxine,2,1
CID100001065,quinidine,9,1
CID100001071,retinol,0,0
CID100001084,thiosulfate,0,0
CID100001125,tetrahydrobiopterin,1,1
CID100001130,thiamine,0,0
CID100001134,thymidine,2,1
CID100001206,methamphetamine,1,1
CID100001301,naproxen,13,1
CID100001546,cladribine,7,1
CID100001690,doxorubicin,15,1
CID100001727,4-AP,4,1
CID100001775,phenytoin,20,1
CID100001798,methazolamide,3,1
CID100001805,5-azacytidine,6,1
CID100001875,methylprednisolone,5,1
CID100001971,abacavir,4,1
CID100001972,amphotericin,11,1
CID100001978,acebutolol,5,1
CID100001983,acetaminophen,7,1
CID100001986,acetazolamide,4,1
CID100001990,acetohydroxamic,1,1
CID100001993,methacholine,2,1
CID100002019,actinomycin,0,0
CID100002021,spectinomycin,0,0
CID100002022,acyclovir,8,1
CID100002082,albendazole,0,0
CID100002083,salbutamol,7,1
CID100002085,Almeta,0,0
CID100002088,alendronate,0,0
CID100002092,alfuzosin,4,1
CID100002094,allopurinol,11,1
CID100002099,alosetron,4,1
CID100002118,alprazolam,13,1
CID100002123,hexamethylmelamine,4,1
CID100002130,amantadine,9,1
CID100002133,amcinonide,0,0
CID100002140,diatrizoate,7,1
CID100002141,amifostine,3,1
CID100002142,amikacin,2,1
CID100002145,aminoglutethimide,0,0
CID100002148,p-aminohippurate,1,1
CID100002153,theophylline,5,1
CID100002156,amiodarone,13,1
CID100002159,amisulpride,7,1
CID100002160,amitriptyline,12,1
CID100002161,amlexanox,1,1
CID100002162,amlodipine,7,1
CID100002163,amobarbital,4,1
CID100002168,amorolfine,0,0
CID100002170,amoxapine,8,1
CID100002171,amoxicillin,5,1
CID100002173,ampicillin,0,0
CID100002177,amprenavir,3,1
CID100002179,amsacrine,3,1
CID100002182,anagrelide,6,1
CID100002187,anastrozole,3,1
CID100002215,apomorphine,5,1
CID100002216,apraclonidine,2,1
CID100002232,argatroban,1,1
CID100002244,aspirin,5,1
CID100002249,atenolol,6,1
CID100002250,atorvastatin,9,1
CID100002265,azathioprine,1,1
CID100002266,azelaic,1,1
CID100002267,azelastine,2,1
CID100002269,azithromycin,4,1
CID100002274,aztreonam,3,1
CID100002284,baclofen,14,1
CID100002307,beclomethasone,0,0
CID100002308,beclomethasone,0,0
CID100002311,benazepril,3,1
CID100002315,bendrofluazide,1,1
CID100002337,benzocaine,0,0
CID100002341,benzphetamine,1,1
CID100002344,benztropine,2,1
CID100002345,benzyl,0,0
CID100002349,penicillin,7,1
CID100002350,bepotastine,0,0
CID100002351,bepridil,4,1
CID100002366,betahistine,2,1
CID100002367,dexamethasone,5,1
CID100002369,betaxolol,9,1
CID100002370,bethanechol,1,1
CID100002375,bicalutamide,6,1
CID100002391,bisacodyl,3,1
CID100002405,bisoprolol,8,1
CID100002431,bretylium,3,1
CID100002435,brimonidine,4,1
CID100002441,bromazepam,5,1
CID100002442,bromhexine,0,0
CID100002443,bromocriptine,11,1
CID100002462,budesonide,6,1
CID100002471,bumetanide,1,1
CID100002474,bupivacaine,11,1
CID100002476,buprenorphine,8,1
CID100002477,buspirone,13,1
CID100002478,busulfan,5,1
CID100002479,butabarbital,4,1
CID100002484,butenafine,0,0
CID100002487,butorphanol,8,1
CID100002512,cabergoline,5,1
CID100002519,caffeine,1,1
CID100002520,verapamil,7,1
CID100002522,calcipotriol,1,1
CID100002524,"1,25(OH)2D3",1,1
CID100002540,candesartan,3,1
CID100002541,candesartan,1,1
CID100002547,capreomycin,0,0
CID100002548,capsaicin,2,1
CID100002550,captopril,5,1
CID100002551,carbachol,2,1
CID100002554,carbamazepine,17,1
CID100002559,carbenicillin,0,0
CID100002563,carbidopa,11,1
CID100002564,carbinoxamine,5,1
CID100002576,carisoprodol,5,1
CID100002578,BCNU,13,1
CID100002583,carteolol,2,1
CID100002585,carvedilol,7,1
CID100002609,cefaclor,6,1
CID100002610,cefadroxil,1,1
CID100002617,cefazolin,4,1
CID100002622,cefepime,7,1
CID100002631,cefotaxime,2,1
CID100002637,cefoxitin,1,1
CID100002646,cefprozil,2,1
CID100002650,ceftazidime,6,1
CID100002654,cephem,2,1
CID100002655,ceftizoxime,2,1
CID100002656,ceftriaxone,3,1
CID100002658,cefuroxime,1,1
CID100002662,celecoxib,10,1
CID100002663,celiprolol,3,1
CID100002666,cephalexin,2,1
CID100002675,cefixime,2,1
CID100002676,cerivastatin,4,1
CID100002678,cetirizine,11,1
CID100002684,cevimeline,13,1
CID100002708,chlorambucil,7,1
CID100002712,chlordiazepoxide,4,1
CID100002713,chlorhexidine,1,1
CID100002719,chloroquine,5,1
CID100002720,thiazide,1,1
CID100002725,chlorpheniramine,6,1
CID100002726,chlorpromazine,10,1
CID100002727,chlorpropamide,0,0
CID100002732,chlorthalidone,1,1
CID100002733,chlorzoxazone,0,0
CID100002749,ciclopirox,0,0
CID100002751,cilazapril,6,1
CID100002754,cilostazol,5,1
CID100002756,cimetidine,1,1
CID100002762,cinoxacin,1,1
CID100002764,ciprofloxacin,15,1
CID100002767,cisplatin,7,1
CID100002771,citalopram,23,1
CID100002781,clemastine,5,1
CID100002786,clindamycin,0,0
CID100002789,clobazam,7,1
CID100002791,clobetasol,1,1
CID100002792,clobetasone,0,0
CID100002794,clofazimine,1,1
CID100002800,clomiphene,4,1
CID100002801,clomipramine,19,1
CID100002802,clonazepam,10,1
CID100002803,clonidine,7,1
CID100002806,clopidogrel,7,1
CID100002809,clorazepate,3,1
CID100002812,clotrimazole,0,0
CID100002818,clozapine,21,1
CID100002826,cocaine,2,1
CID100002828,codeine,6,1
CID100002833,colchicine,3,1
CID100002881,sodium,3,1
CID100002883,crotamiton,0,0
CID100002891,cyanocobalamin,1,1
CID100002895,cyclobenzaprine,8,1
CID100002905,cyclopentolate,4,1
CID100002907,cyclophosphamide,10,1
CID100002909,v,11,1
CID100002913,cyproheptadine,7,1
CID100002914,cyproterone,5,1
CID100002949,danazol,7,1
CID100002951,dantrolene,2,1
CID100002955,dapsone,1,1
CID100002958,anthracycline,9,1
CID100002972,deferiprone,3,1
CID100002973,deferoxamine,5,1
CID100002978,delta,4,1
CID100002995,desipramine,6,1
CID100003000,desoximetasone,0,0
CID100003003,dexamethasone,8,1
CID100003007,amphetamine,9,1
CID100003008,dextromethorphan,1,1
CID100003009,DFMO,1,1
CID100003015,cyproterone,3,1
CID100003016,diazepam,11,1
CID100003019,diazoxide,3,1
CID100003032,diclofenac,13,1
CID100003038,dichlorphenamide,4,1
CID100003040,dicloxacillin,4,1
CID100003042,dicyclomine,8,1
CID100003043,didanosine,2,1
CID100003053,diethylenetriaminepentaacetic,0,0
CID100003056,diflorasone,0,0
CID100003059,diflunisal,4,1
CID100003060,epitopic,0,0
CID100003062,digoxin,2,1
CID100003063,dihydrocodeine,3,1
CID100003066,dihydroergotamine,4,1
CID100003075,diltiazem,8,1
CID100003080,dimercaprol,1,1
CID100003100,diphenhydramine,5,1
CID100003105,dipivefrin,0,0
CID100003108,dipyridamole,6,1
CID100003114,disopyramide,5,1
CID100003117,disulfiram,4,1
CID100003121,valproate,15,1
CID100003125,alpha-methyl-p-tyrosine,3,1
CID100003143,docetaxel,11,1
CID100003148,dolasetron,7,1
CID100003151,domperidone,1,1
CID100003152,donepezil,11,1
CID100003154,dorzolamide,5,1
CID100003155,dothiepin,7,1
CID100003156,doxapram,3,1
CID100003157,doxazosin,12,1
CID100003158,doxepin,10,1
CID100003168,droperidol,4,1
CID100003171,L-threo-DOPS,3,1
CID100003182,dyphylline,1,1
CID100003198,econazole,0,0
CID100003199,trabectedin,4,1
CID100003202,edrophonium,1,1
CID100003203,efavirenz,11,1
CID100003209,eicosapentaenoic,0,0
CID100003219,emedastine,0,0
CID100003222,CAS,7,1
CID100003226,enflurane,1,1
CID100003241,epinastine,0,0
CID100003249,vitamin,0,0
CID100003250,ergonovine,0,0
CID100003251,ergotamine,1,1
CID100003255,erythromycin,2,1
CID100003256,monomycin,1,1
CID100003261,estazolam,11,1
CID100003263,estradiol,2,1
CID100003267,estradiol,2,1
CID100003268,estramustine,1,1
CID100003269,estriol,1,1
CID100003278,ethacrynic,2,1
CID100003279,ethambutol,3,1
CID100003291,ethosuximide,1,1
CID100003292,ethotoin,2,1
CID100003305,etidronate,4,1
CID100003308,etodolac,8,1
CID100003310,etoposide,5,1
CID100003324,famciclovir,3,1
CID100003325,famotidine,6,1
CID100003331,felbamate,9,1
CID100003333,felodipine,5,1
CID100003339,fenofibrate,2,1
CID100003340,fenoldopam,0,0
CID100003342,fenoprofen,4,1
CID100003345,fentanyl,18,1
CID100003348,fexofenadine,0,0
CID100003350,finasteride,0,0
CID100003354,flavoxate,1,1
CID100003355,flecainide,12,1
CID100003363,FdUrd,2,1
CID100003364,flucloxacillin,1,1
CID100003365,fluconazole,5,1
CID100003366,5-fluorocytosine,6,1
CID100003367,fludarabine,5,1
CID100003368,FAMP,5,1
CID100003370,fludrocortisone,1,1
CID100003372,fluphenazine,4,1
CID100003373,flumazenil,6,1
CID100003375,flumethasone,0,0
CID100003379,flunisolide,3,1
CID100003380,flunitrazepam,4,1
CID100003381,fluocinolone,0,0
CID100003382,fluocinonide,0,0
CID100003384,fluorometholone,0,0
CID100003385,5-FU,11,1
CID100003386,fluoxetine,20,1
CID100003387,fluoxymesterone,2,1
CID100003388,fluphenazine,10,1
CID100003392,flurandrenolone,0,0
CID100003393,flurazepam,5,1
CID100003394,flurbiprofen,12,1
CID100003397,flutamide,2,1
CID100003399,fluticasone,0,0
CID100003403,fluvastatin,9,1
CID100003404,fluvoxamine,18,1
CID100003405,folate,2,1
CID100003406,4-methylpyrazole,2,1
CID100003410,formoterol,3,1
CID100003414,foscarnet,11,1
CID100003417,fosfomycin,1,1
CID100003419,fosinopril,7,1
CID100003425,Romidepsin,2,1
CID100003440,furosemide,3,1
CID100003443,fusidic,0,0
CID100003446,gabapentin,20,1
CID100003449,galantamine,11,1
CID100003454,ganciclovir,11,1
CID100003461,gemcitabine,5,1
CID100003462,gemeprost,0,0
CID100003463,gemfibrozil,6,1
CID100003467,gentamicin,5,1
CID100003475,gliclazide,10,1
CID100003476,glimepiride,7,1
CID100003478,glipizide,5,1
CID100003488,glibenclamide,5,1
CID100003494,glycopyrrolate,3,1
CID100003510,granisetron,8,1
CID100003512,griseofulvin,3,1
CID100003516,guaifenesin,0,0
CID100003517,icodextrin,5,1
CID100003519,guanfacine,7,1
CID100003520,guanidinium,4,1
CID100003553,halcinonide,0,0
CID100003559,haloperidol,12,1
CID100003598,hexachlorophene,0,0
CID100003623,homatropine,4,1
CID100003636,Buscopan,0,0
CID100003637,hydralazine,4,1
CID100003639,hydrochlorothiazide,8,1
CID100003640,cortisol,8,1
CID100003642,hydrocortisone,0,0
CID100003647,hydroflumethiazide,0,0
CID100003648,hydromorphone,16,1
CID100003652,hydroxychloroquine,4,1
CID100003657,hydroxyurea,2,1
CID100003658,hydroxyzine,2,1
CID100003661,atropine,8,1
CID100003672,ibuprofen,14,1
CID100003675,phenelzine,8,1
CID100003676,lidocaine,9,1
CID100003685,idarubicin,1,1
CID100003687,IdUrd,0,0
CID100003690,ifosfamide,13,1
CID100003696,imipramine,10,1
CID100003702,indapamide,7,1
CID100003706,indinavir,7,1
CID100003715,indomethacin,10,1
CID100003724,iodixanol,8,1
CID100003730,iohexol,7,1
CID100003734,iopamidol,16,1
CID100003736,iopromide,10,1
CID100003737,sodium,6,1
CID100003738,iotrolan,9,1
CID100003739,iodipamide,1,1
CID100003741,ioversol,10,1
CID100003742,ioxaglate,7,1
CID100003743,ioxilan,4,1
CID100003746,ipratropium,3,1
CID100003749,irbesartan,4,1
CID100003750,irinotecan,4,1
CID100003759,isocarboxazid,9,1
CID100003763,isoflurane,2,1
CID100003767,isoniazid,5,1
CID100003777,isopropyl,0,0
CID100003779,isoproterenol,2,1
CID100003780,isosorbide,2,1
CID100003783,isoxsuprine,0,0
CID100003784,isradipine,3,1
CID100003793,itraconazole,6,1
CID100003821,ketamine,3,1
CID100003823,ketoconazole,1,1
CID100003825,ketoprofen,5,1
CID100003826,ketorolac,8,1
CID100003827,ketotifen,3,1
CID100003830,cytokinin,0,0
CID100003848,phenyllactate,0,0
CID100003869,labetalol,6,1
CID100003872,lactulose,0,0
CID100003877,lamivudine,7,1
CID100003878,lamotrigine,24,1
CID100003883,lansoprazole,13,1
CID100003890,latanoprost,0,0
CID100003899,leflunomide,3,1
CID100003902,letrozole,2,1
CID100003911,Leuprorelin,6,1
CID100003914,levobunolol,5,1
CID100003915,levocabastine,0,0
CID100003916,levomepromazine,0,0
CID100003918,dextrorphan,5,1
CID100003928,lincomycin,0,0
CID100003929,linezolid,3,1
CID100003937,Lisinopril,8,1
CID100003938,lisuride,4,1
CID100003939,LiOH,11,1
CID100003948,lomefloxacin,10,1
CID100003950,lomustine,1,1
CID100003954,loperamide,1,1
CID100003957,loratadine,3,1
CID100003958,lorazepam,10,1
CID100003961,losartan,9,1
CID100003962,lovastatin,7,1
CID100003964,loxapine,11,1
CID100003998,mafenide,0,0
CID100004004,malathion,0,0
CID100004011,maprotiline,12,1
CID100004030,mebendazole,1,1
CID100004031,mebeverine,0,0
CID100004032,mecamylamine,5,1
CID100004033,nitrogen,0,0
CID100004034,monamine,0,0
CID100004036,meclofenamate,1,1
CID100004042,medroxyprogesterone,12,1
CID100004043,medrysone,0,0
CID100004044,mefenamic,9,1
CID100004046,mefloquine,14,1
CID100004048,megestrol,0,0
CID100004051,meloxicam,8,1
CID100004053,melphalan,3,1
CID100004054,memantine,19,1
CID100004057,Cantril,1,1
CID100004058,meperidine,10,1
CID100004060,mephenytoin,5,1
CID100004062,mepivacaine,7,1
CID100004064,meprobamate,4,1
CID100004075,5-ASA,9,1
CID100004086,metaproterenol,3,1
CID100004091,metformin,5,1
CID100004095,methadone,5,1
CID100004101,methenamine,0,0
CID100004107,methocarbamol,6,1
CID100004112,methotrexate,12,1
CID100004114,8-MOP,0,0
CID100004120,N-methylscopolamine,1,1
CID100004121,methyclothiazide,1,1
CID100004138,methyldopa,2,1
CID100004139,methylene,2,1
CID100004140,methylergometrine,2,1
CID100004158,methylphenidate,11,1
CID100004159,methylprednisolone,9,1
CID100004160,methyltestosterone,1,1
CID100004163,methysergide,3,1
CID100004168,metoclopramide,11,1
CID100004170,metolazone,4,1
CID100004171,metoprolol,7,1
CID100004173,metronidazole,12,1
CID100004174,metyrapone,0,0
CID100004178,mexiletine,9,1
CID100004184,mianserin,6,1
CID100004189,miconazole,0,0
CID100004192,midazolam,13,1
CID100004195,midodrine,2,1
CID100004196,mifepristone,0,0
CID100004197,milrinone,1,1
CID100004201,minoxidil,0,0
CID100004205,mirtazapine,19,1
CID100004211,mitotane,8,1
CID100004212,mitoxantrone,3,1
CID100004235,moclobemide,5,1
CID100004236,modafinil,11,1
CID100004240,mometasone,1,1
CID100004248,montelukast,5,1
CID100004253,morphine,16,1
CID100004259,moxifloxacin,11,1
CID100004264,mupirocin,0,0
CID100004271,mycophenolate,13,1
CID100004272,mycophenolic,10,1
CID100004274,tetrofosmin,2,1
CID100004409,nabumetone,5,1
CID100004411,nadolol,4,1
CID100004419,nalbuphine,6,1
CID100004421,nalidixic,4,1
CID100004422,nalmefene,4,1
CID100004425,naloxone,6,1
CID100004428,naltrexone,9,1
CID100004432,nandrolone,0,0
CID100004436,naphazoline,0,0
CID100004440,naratriptan,10,1
CID100004443,nateglinide,2,1
CID100004449,nefazodone,12,1
CID100004450,nefopam,1,1
CID100004451,nelfinavir,2,1
CID100004454,neomycin,0,0
CID100004456,neostigmine,5,1
CID100004463,nevirapine,2,1
CID100004473,nicardipine,5,1
CID100004485,nifedipine,8,1
CID100004493,nilutamide,3,1
CID100004497,nimodipine,0,0
CID100004499,nisoldipine,7,1
CID100004506,nitrazepam,11,1
CID100004509,nitrofurantoin,5,1
CID100004510,nitroglycerin,6,1
CID100004513,nizatidine,2,1
CID100004536,norethisterone,1,1
CID100004539,norfloxacin,10,1
CID100004542,levonorgestrel,2,1
CID100004543,nortriptyline,9,1
CID100004547,repaglinide,2,1
CID100004568,nystatin,0,0
CID100004583,ofloxacin,13,1
CID100004585,olanzapine,28,1
CID100004594,omeprazole,6,1
CID100004595,ondansetron,8,1
CID100004599,orlistat,5,1
CID100004601,orphenadrine,2,1
CID100004603,oseltamivir,5,1
CID100004607,oxacillin,0,0
CID100004609,oxaliplatin,15,1
CID100004614,oxaprozin,8,1
CID100004616,oxazepam,7,1
CID100004623,oxiconazole,1,1
CID100004631,oxprenolol,1,1
CID100004634,oxybutynin,9,1
CID100004635,oxycodone,12,1
CID100004638,oxymetholone,0,0
CID100004639,oxymorphone,6,1
CID100004649,APAs,2,1
CID100004666,paclitaxel,19,1
CID100004673,pamidronate,6,1
CID100004675,pancuronium,0,0
CID100004678,dexpanthenol,1,1
CID100004679,pantoprazole,11,1
CID100004680,papaverine,0,0
CID100004689,paromomycin,0,0
CID100004691,paroxetine,26,1
CID100004695,isosulfan,0,0
CID100004724,penbutolol,1,1
CID100004725,penciclovir,3,1
CID100004727,D-penicillamine,2,1
CID100004730,penicillin,1,1
CID100004735,pentamidine,11,1
CID100004736,pentazocine,7,1
CID100004737,pentobarbital,4,1
CID100004739,pentostatin,10,1
CID100004740,pentoxifylline,4,1
CID100004745,pergolide,16,1
CID100004746,perhexiline,8,1
CID100004747,propericiazine,7,1
CID100004748,perphenazine,8,1
CID100004756,phenylazo,1,1
CID100004763,phenobarbital,7,1
CID100004768,phenoxybenzamine,0,0
CID100004771,phentermine,1,1
CID100004775,4-PBA,4,1
CID100004782,phenylephrine,4,1
CID100004786,phenylpropanolamine,4,1
CID100004810,moxonidine,0,0
CID100004811,physostigmine,1,1
CID100004812,vitamin,0,0
CID100004819,pilocarpine,6,1
CID100004828,pindolol,5,1
CID100004829,pioglitazone,0,0
CID100004834,piperacillin,1,1
CID100004845,pirbuterol,4,1
CID100004865,podophyllotoxin,1,1
CID100004868,polymyxin,3,1
CID100004870,polythiazide,1,1
CID100004885,pramipexole,25,1
CID100004889,pravastatin,7,1
CID100004891,praziquantel,1,1
CID100004893,prazosin,3,1
CID100004894,prednisolone,6,1
CID100004895,prednisolone,6,1
CID100004896,prednisolone,4,1
CID100004900,prednisone,13,1
CID100004906,prilocaine,7,1
CID100004908,primaquine,0,0
CID100004909,primidone,2,1
CID100004911,probenecid,0,0
CID100004913,procainamide,2,1
CID100004914,procaine,4,1
CID100004915,procarbazine,10,1
CID100004917,prochlorperazine,11,1
CID100004920,progesterone,9,1
CID100004923,proguanil,0,0
CID100004927,promethazine,9,1
CID100004932,propafenone,11,1
CID100004934,propantheline,1,1
CID100004935,proparacaine,0,0
CID100004943,propofol,13,1
CID100004946,propranolol,4,1
CID100004976,protriptyline,6,1
CID100004989,pyrantel,0,0
CID100004991,pyridostigmine,4,1
CID100004992,mepyramine,0,0
CID100004993,pyrimethamine,0,0
CID100004999,quazepam,0,0
CID100005002,quetiapine,21,1
CID100005005,quinapril,3,1
CID100005029,rabeprazole,14,1
CID100005032,ephedrine,3,1
CID100005035,raloxifene,3,1
CID100005038,ramipril,10,1
CID100005039,ranitidine,4,1
CID100005040,rapamycin,7,1
CID100005051,rescinnamine,1,1
CID100005052,reserpine,3,1
CID100005064,ribavirin,14,1
CID100005070,riluzole,14,1
CID100005071,rimantadine,6,1
CID100005073,risperidone,26,1
CID100005076,ritonavir,17,1
CID100005077,rivastigmine,22,1
CID100005078,rizatriptan,10,1
CID100005090,rofecoxib,7,1
CID100005095,ropinirole,18,1
CID100005106,roxithromycin,1,1
CID100005152,salmeterol,3,1
CID100005155,stavudine,5,1
CID100005161,salsalate,0,0
CID100005184,scopolamine,3,1
CID100005193,secobarbital,4,1
CID100005195,deprenyl,23,1
CID100005203,sertraline,16,1
CID100005206,sevoflurane,5,1
CID100005210,sibutramine,13,1
CID100005212,sildenafil,10,1
CID100005214,silver,0,0
CID100005215,sulfadiazine,3,1
CID100005238,sodium,0,0
CID100005245,risedronate,4,1
CID100005248,sodium,0,0
CID100005253,sotalol,5,1
CID100005257,sparfloxacin,7,1
CID100005267,spironolactone,2,1
CID100005291,imatinib,8,1
CID100005297,streptomycin,1,1
CID100005300,streptozotocin,1,1
CID100005311,vorinostat,2,1
CID100005314,succinylcholine,1,1
CID100005318,sulconazole,0,0
CID100005320,sulfacetamide,0,0
CID100005329,sulfamethoxazole,4,1
CID100005333,sulfonamide,0,0
CID100005352,sulindac,7,1
CID100005358,sumatriptan,16,1
CID100005359,suprofen,0,0
CID100005372,tacrolimus,16,1
CID100005376,tamoxifen,1,1
CID100005379,gatifloxacin,8,1
CID100005381,tazarotene,0,0
CID100005391,temazepam,9,1
CID100005394,temozolomide,10,1
CID100005396,teniposide,2,1
CID100005401,terazosin,6,1
CID100005402,terbinafine,2,1
CID100005403,terbutaline,2,1
CID100005404,terconazole,0,0
CID100005407,testolactone,1,1
CID100005408,testosterone,7,1
CID100005409,testosterone,3,1
CID100005410,testosterone,3,1
CID100005411,tetracaine,3,1
CID100005419,tetrahydrozoline,1,1
CID100005426,thalidomide,23,1
CID100005430,thiabendazole,2,1
CID100005452,thioridazine,7,1
CID100005453,thiotepa,9,1
CID100005454,thiothixene,6,1
CID100005466,tiagabine,14,1
CID100005468,tiaprofenic,3,1
CID100005470,tibolone,1,1
CID100005472,ticlopidine,1,1
CID100005478,timolol,5,1
CID100005479,tinidazole,6,1
CID100005483,tiopronin,0,0
CID100005486,tirofiban,0,0
CID100005487,tizanidine,10,1
CID100005496,tobramycin,4,1
CID100005503,tolazamide,0,0
CID100005505,tolbutamide,0,0
CID100005508,tolmetin,0,0
CID100005512,tolterodine,3,1
CID100005514,topiramate,27,1
CID100005515,topotecan,3,1
CID100005516,toremifene,3,1
CID100005523,tramadol,17,1
CID100005524,tramazoline,0,0
CID100005525,trandolapril,4,1
CID100005526,tranexamic,2,1
CID100005530,tranylcypromine,10,1
CID100005533,trazodone,11,1
CID100005538,retinoic,11,1
CID100005544,triamcinolone,6,1
CID100005546,triamterene,0,0
CID100005556,triazolam,9,1
CID100005564,triclosan,0,0
CID100005565,trien,0,0
CID100005566,trifluoperazine,8,1
CID100005572,trihexyphenidyl,3,1
CID100005576,trimethadione,2,1
CID100005577,trimethobenzamide,2,1
CID100005578,trimethoprim,9,1
CID100005582,trimetrexate,1,1
CID100005584,trimipramine,6,1
CID100005591,troglitazone,2,1
CID100005593,tropicamide,1,1
CID100005595,tropisetron,2,1
CID100005596,trospium,4,1
CID100005625,delavirdine,10,1
CID100005636,unoprostone,0,0
CID100005645,UDCA,6,1
CID100005647,VACV,7,1
CID100005650,valsartan,3,1
CID100005651,Vancocine,0,0
CID100005656,venlafaxine,22,1
CID100005665,vigabatrin,15,1
CID100005672,vinorelbine,3,1
CID100005717,zafirlukast,1,1
CID100005718,zalcitabine,13,1
CID100005719,zaleplon,14,1
CID100005721,zanamivir,5,1
CID100005726,zidovudine,7,1
CID100005727,ZnCl2,0,0
CID100005731,zolmitriptan,11,1
CID100005732,zolpidem,12,1
CID100005734,zonisamide,20,1
CID100005735,zopiclone,14,1
CID100005746,mitomycin,3,1
CID100005771,oxytocin,3,1
CID100005775,phentolamine,1,1
CID100005877,demethyl,5,1
CID100005878,oxandrolone,0,0
CID100005939,biguanide,0,0
CID100005978,vincristine,8,1
CID100006018,tetrabenazine,7,1
CID100006049,EDTA,3,1
CID100006058,cysteamine,5,1
CID100006116,calcium,3,1
CID100006238,17-hydroxyprogesterone,0,0
CID100006256,trifluorothymidine,0,0
CID100006432,Optison,7,1
CID100006436,triamcinolone,7,1
CID100006451,bromcresol,0,0
CID100006468,phencyclidine,2,1
CID100006476,methsuximide,2,1
CID100006503,tris,0,0
CID100006726,cyclizine,4,1
CID100007012,phenylbutyric,4,1
CID100007029,diethylpropion,4,1
CID100007187,benzoyl,0,0
CID100007638,monobenzone,0,0
CID100007699,benzonatate,4,1
CID100008197,tetraen,0,0
CID100008230,argenine,1,1
CID100008612,chloroprocaine,4,1
CID100008982,nafcillin,0,0
CID100009034,methohexital,2,1
CID100009354,dimercaptosuccinic,2,1
CID100009433,aminophylline,2,1
CID100009904,nandrolone,0,0
CID100010100,propoxyphene,6,1
CID100010340,sodium,0,0
CID100010413,hydroxybutyrate,13,1
CID100010547,echothiophate,0,0
CID100010631,medroxyprogesterone,6,1
CID100010660,dimenhydrinate,0,0
CID100011125,lithium,13,1
CID100011973,Brolene,0,0
CID100012453,zuclopenthixol,11,1
CID100012460,phendimetrazine,1,1
CID100012536,desonide,0,0
CID100012555,benzydamine,0,0
CID100012559,erythromycin,2,1
CID100012597,isomannide,7,1
CID100012620,Tadenan,0,0
CID100013314,lormetazepam,6,1
CID100013342,vinblastine,4,1
CID100014789,ferumoxytol,3,1
CID100014888,arsenic,6,1
CID100014917,fluoride,0,0
CID100015232,benzathine,7,1
CID100015459,metaxalone,0,0
CID100016124,methylene,0,0
CID100016230,amiloride,6,1
CID100016362,pimozide,13,1
CID100016533,betamethasone,1,1
CID100016850,fluorescein,5,1
CID100016886,5-aza-2'-deoxycytidine,1,1
CID100017358,SonoVue,2,1
CID100018140,estramustine,0,0
CID100019090,megestrol,4,1
CID100020585,choline,1,1
CID100020969,clocortolone,0,0
CID100021800,betamethasone,1,1
CID100021945,methenamine,0,0
CID100022258,hydrocodone,3,1
CID100022318,gold,8,1
CID100022502,procaine,1,1
CID100023703,ogen,3,1
CID100023897,molindone,4,1
CID100023925,Fe(III,5,1
CID100023926,lanthanum,0,0
CID100023951,samarium,1,1
CID100023954,silver,0,0
CID100023957,technetium-99m,3,1
CID100023976,chromium,2,1
CID100023978,copper,0,0
CID100023982,gadolinium,9,1
CID100023993,yttrium,0,0
CID100023994,zinc,0,0
CID100024087,selenium,0,0
CID100024414,barium,0,0
CID100024424,zinc,0,0
CID100024450,potassium,4,1
CID100024642,TlCl,1,1
CID100024706,Triphasil,0,0
CID100024748,glucose,3,1
CID100024841,iodide,2,1
CID100025419,clodronate,0,0
CID100025959,Prussian,0,0
CID100027304,HMDP,0,0
CID100027400,pizotifen,1,1
CID100027661,isosorbide-5-mononitrate,9,1
CID100027991,desmopressin,7,1
CID100027993,conjugated,6,1
CID100028332,propoxyphene,1,1
CID100028486,lithium,11,1
CID100029089,chlorhexidine,1,1
CID100030623,dexrazoxane,3,1
CID100031072,carbimazole,0,0
CID100031264,paraldehyde,2,1
CID100031378,fludrocortisone,1,1
CID100031477,metipranolol,0,0
CID100032169,articaine,5,1
CID100032281,Protirelin,5,1
CID100032603,clindamycin,0,0
CID100032797,clobetasol,1,1
CID100032800,Asp-Tyr(SO3H)-Met-Gly-Trp-Met-Asp-Phe-NH2,2,1
CID100034312,oxcarbazepine,13,1
CID100036339,etomidate,2,1
CID100036523,gonadorelin,0,0
CID100036811,dobutamine,0,0
CID100037392,halofantrine,3,1
CID100037720,pentosan,2,1
CID100038904,carboplatin,4,1
CID100039042,bezafibrate,0,0
CID100039507,rimexolone,0,0
CID100039524,stiripentol,1,1
CID100039764,vecuronium,0,0
CID100039860,nabilone,10,1
CID100040159,permethrin,1,1
CID100040632,pirfenidone,0,0
CID100040703,pinaverium,0,0
CID100040973,desogestrel,0,0
CID100040976,Implanon,2,1
CID100041317,acitretin,2,1
CID100041684,nitazoxanide,3,1
CID100041693,sufentanil,2,1
CID100041744,valrubicin,0,0
CID100041774,acarbose,0,0
CID100041781,torasemide,2,1
CID100042113,desflurane,3,1
CID100042395,Westcort,0,0
CID100042615,Supremon,6,1
CID100042955,misoprostol,4,1
CID100044563,lodoxamide,0,0
CID100044564,lodoxamide,0,0
CID100045469,sodium,0,0
CID100047319,atracurium,3,1
CID100047320,cisatracurium,1,1
CID100047419,cefuroxime,1,1
CID100047471,butoconazole,0,0
CID100047528,nicorandil,3,1
CID100047640,naftifine,0,0
CID100047725,Goserelin,4,1
CID100050294,nedocromil,1,1
CID100050614,cefotetan,1,1
CID100051263,alfentanil,7,1
CID100051577,miglitol,0,0
CID100051634,miglustat,9,1
CID100052421,prednicarbate,1,1
CID100054158,mebrofenin,0,0
CID100054313,iloprost,2,1
CID100054331,fosfomycin,1,1
CID100054373,Octreotide,8,1
CID100054454,simvastatin,8,1
CID100054547,cefpodoxime,6,1
CID100054688,clarithromycin,7,1
CID100054786,treprostinil,3,1
CID100054808,loteprednol,0,0
CID100054840,atomoxetine,9,1
CID100054949,NSC,2,1
CID100055331,moexiprilat,2,1
CID100055466,Gd-DTPA,8,1
CID100055480,milnacipran,7,1
CID100056338,fosphenytoin,17,1
CID100056959,ranolazine,6,1
CID100057166,Photofrin,1,1
CID100057469,imiquimod,6,1
CID100057537,rotigotine,6,1
CID100057697,pemirolast,0,0
CID100059708,levetiracetam,10,1
CID100059768,esmolol,7,1
CID100060146,tamsulosin,3,1
CID100060164,adapalene,1,1
CID100060172,adefovir,0,0
CID100060183,perindopril,8,1
CID100060184,perindopril,5,1
CID100060198,exemestane,3,1
CID100060490,zileuton,1,1
CID100060496,amlodipine,7,1
CID100060612,dexmedetomidine,5,1
CID100060613,cidofovir,13,1
CID100060668,etoposide,3,1
CID100060695,rocuronium,0,0
CID100060706,meropenem,6,1
CID100060714,gadoteridol,6,1
CID100060726,bromfenac,0,0
CID100060751,mTHPC,0,0
CID100060752,ibutilide,2,1
CID100060754,gadodiamide,10,1
CID100060787,saquinavir,9,1
CID100060795,aripiprazole,31,1
CID100060814,remifentanil,10,1
CID100060830,tiotropium,3,1
CID100060834,duloxetine,10,1
CID100060843,pemetrexed,5,1
CID100060852,ibandronate,4,1
CID100060853,ziprasidone,23,1
CID100060860,metaiodobenzylguanidine,0,0
CID100060864,olopatadine,0,0
CID100060867,levosimendan,0,0
CID100060871,adefovir,0,0
CID100060877,emtricitabine,2,1
CID100060878,eprosartan,6,1
CID100060936,tiludronate,0,0
CID100060953,capecitabine,16,1
CID100061475,sodium,0,0
CID100061799,monomethylfumarate,0,0
CID100062305,doxycycline,0,0
CID100062358,ammonium,0,0
CID100062816,colestipol,0,0
CID100062819,Metrodin,3,1
CID100062924,fluticasone,1,1
CID100062956,fosinoprilat,6,1
CID100062959,trovafloxacin,10,1
CID100062965,beclomethasone,0,0
CID100063001,benazeprilat,3,1
CID100064147,valganciclovir,9,1
CID100064778,Meropenem,5,1
CID100064929,fenofibric,0,0
CID100064987,tenofovir,1,1
CID100065014,AMD3100,3,1
CID100065157,testosterone,6,1
CID100065281,CAS,0,0
CID100065370,Glat,11,1
CID100065628,bendamustine,0,0
CID100065840,colestimide,1,1
CID100065856,reboxetine,6,1
CID100065863,sertaconazole,0,0
CID100065866,lercanidipine,5,1
CID100065999,telmisartan,5,1
CID100068613,atosiban,0,0
CID100068740,zoledronic,6,1
CID100068844,brinzolamide,5,1
CID100069512,malvidin,3,1
CID100071158,acamprosate,9,1
CID100071273,ropivacaine,13,1
CID100071301,nebivolol,3,1
CID100071316,mivacurium,0,0
CID100071329,dofetilide,3,1
CID100071348,lanreotide,2,1
CID100071360,iloperidone,9,1
CID100071362,Hoe,0,0
CID100071406,TPGS,0,0
CID100071436,Lutalyse,4,1
CID100071469,erythromycin,0,0
CID100071616,voriconazole,19,1
CID100072022,perindoprilat,0,0
CID100072054,darifenacin,3,1
CID100072081,Terlipressin,0,0
CID100072111,rifaximin,6,1
CID100072466,bleomycin,2,1
CID100072938,gemifloxacin,4,1
CID100073303,doripenem,1,1
CID100073658,telithromycin,5,1
CID100074989,atovaquone,0,0
CID100077992,frovatriptan,8,1
CID100077993,eletriptan,10,1
CID100077996,paricalcitol,6,1
CID100077997,MK-462,5,1
CID100077998,rosiglitazone,0,0
CID100078032,Vallergan,7,1
CID100082146,bexarotene,8,1
CID100082148,agomelatine,2,1
CID100083030,Ge-132,16,1
CID100083513,barium,0,0
CID100083606,strontium,0,0
CID100084003,ketorolac,8,1
CID100091488,fluocinolone,0,0
CID100093860,bortezomib,28,1
CID100096312,nelarabine,18,1
CID100102258,rasburicase,0,0
CID100102399,dextran,0,0
CID100104741,ICI,1,1
CID100104758,raltitrexed,0,0
CID100104778,levodopa/carbidopa,11,1
CID100104799,fotemustine,1,1
CID100104849,rimonabant,4,1
CID100104865,bosentan,4,1
CID100105145,68Ga,4,1
CID100107694,Diane-35,0,0
CID100107969,FTY720,3,1
CID100107994,quinaprilat,3,1
CID100110634,vardenafil,8,1
CID100110635,tadalafil,7,1
CID100114709,eslicarbazepine,4,1
CID100115237,paliperidone,21,1
CID100115355,NTBC,2,1
CID100119182,clofarabine,3,1
CID100119212,benzylpenicilloyl,0,0
CID100119607,valdecoxib,11,1
CID100119828,parecoxib,0,0
CID100119830,tenofovir,2,1
CID100121396,N-carbamylglutamate,0,0
CID100121749,ustekinumab,1,1
CID100121892,retigabine,12,1
CID100122197,FP-CIT,1,1
CID100122316,rasagiline,16,1
CID100123015,SU5416,2,1
CID100123597,travoprost,0,0
CID100123606,almotriptan,8,1
CID100123610,Eptifibatide,1,1
CID100123611,fondaparinux,3,1
CID100123619,etoricoxib,4,1
CID100123620,mometasone,1,1
CID100123623,Cancidas,4,1
CID100123631,gefitinib,0,0
CID100123634,Trisequens,1,1
CID100123809,Madopar,6,1
CID100124087,desloratadine,3,1
CID100125017,desvenlafaxine,5,1
CID100125889,pregabalin,27,1
CID100127909,bimatoprost,0,0
CID100128549,trandolaprilat,3,1
CID100129228,rufinamide,6,1
CID100129806,rosuvastatin,6,1
CID100130564,esomeprazole,4,1
CID100130881,olmesartan,0,0
CID100131535,fosamprenavir,1,1
CID100132804,pitavastatin,4,1
CID100132971,abiraterone,0,0
CID100132999,ivabradine,2,1
CID100134018,febuxostat,3,1
CID100134019,pixantrone,3,1
CID100134780,pomalidomide,4,1
CID100135113,sacrosidase,0,0
CID100145068,nitric,1,1
CID100147740,drospirenone,0,0
CID100147912,posaconazole,14,1
CID100148121,pralatrexate,0,0
CID100148127,ospemifene,0,0
CID100148191,temsirolimus,1,1
CID100148192,atazanavir,6,1
CID100148211,palonosetron,4,1
CID100150310,eplerenone,4,1
CID100150311,ezetimibe,6,1
CID100150610,ertapenem,10,1
CID100151075,nepafenac,0,0
CID100151165,aprepitant,9,1
CID100151171,conivaptan,1,1
CID100152945,dutasteride,0,0
CID100153941,entecavir,1,1
CID100153994,clevidipine,0,0
CID100154058,solifenacin,2,1
CID100154256,bazedoxifene,0,0
CID100156326,asenapine,9,1
CID100156418,cinacalcet,2,1
CID100157429,gadopentetate,6,1
CID100157688,vinflunine,12,1
CID100157920,lubiprostone,4,1
CID100157921,methyl,1,1
CID100158781,olmesartan,2,1
CID100158786,pegaptanib,0,0
CID100159247,sevelamer,0,0
CID100160036,MnDPDP,0,0
CID100160051,colesevelam,1,1
CID100160352,zidovudine/lamivudine,7,1
CID100163296,tipranavir,1,1
CID100166548,Anidulafungin,2,1
CID100168625,poly(styrene,0,0
CID100168924,lanthanum,0,0
CID100170361,varenicline,6,1
CID100171558,Kaluril,4,1
CID100176870,erlotinib,3,1
CID100179344,eslicarbazepine,14,1
CID100185457,S-benzoylmercaptoacetyltriglycine,1,1
CID100192155,Prednefrin,0,0
CID100193962,etravirine,8,1
CID100197281,gadobenate,6,1
CID100197712,ambrisentan,2,1
CID100206527,L-Dmp,22,1
CID100208898,dronedarone,0,0
CID100208902,ramelteon,0,0
CID100208908,lapatinib,2,1
CID100208920,NuvaRing,1,1
CID100213023,dabigatran,2,1
CID100213039,darunavir,10,1
CID100213046,lurasidone,13,1
CID100214339,luliconazole,0,0
CID100216209,aliskiren,3,1
CID100216210,dabigatran,0,0
CID100216235,sitaxsentan,6,1
CID100216237,tolvaptan,2,1
CID100216239,sorafenib,5,1
CID100216258,Colimycin,2,1
CID100216326,lenalidomide,10,1
CID100216416,lasofoxifene,4,1
CID100219024,regadenoson,5,1
CID100219078,lacosamide,10,1
CID100219084,Gd-EOB-DTPA,2,1
CID100219090,fosaprepitant,1,1
CID100222786,cortisone,1,1
CID100315411,18F-FDG,0,0
CID100358641,trimethoprim-sulfamethoxazole,4,1
CID100441332,carboprost,3,1
CID100441382,natamycin,1,1
CID100443379,CAS,6,1
CID100444006,cefditoren,1,1
CID100444013,gadoversetamide,9,1
CID100444033,ciclesonide,0,0
CID100449193,roflumilast,1,1
CID100455658,hemin,0,0
CID100477468,FK463,5,1
CID100483407,maraviroc,14,1
CID100489129,efinaconazole,0,0
CID100517045,sodium,3,1
CID100644241,nilotinib,7,1
CID100656628,silodosin,2,1
CID100656892,TMC207,0,0
CID100657298,propylthiouracil,2,1
CID100667490,6-mercaptopurine,0,0
CID101349907,methimazole,3,1
CID102723601,6-thioguanine,0,0
CID102761171,ethionamide,1,1
CID103006171,rilpivirine,0,0
CID103010818,d-telaprevir,2,1
CID103038497,fospropofol,1,1
CID103052762,prucalopride,1,1
CID103055172,pimecrolimus,1,1
CID103062316,dasatinib,8,1
CID103080904,Estrofem,2,1
CID103081276,fluticasone/salmeterol,1,1
CID103081361,vandetanib,6,1
CID103081362,telavancin,3,1
CID103081884,copolymer,16,1
CID103085017,sevelamer,0,0
CID103086257,Photofrin,3,1
CID103086685,axitinib,1,1
CID103086686,sunitinib,4,1
CID103325225,ALX,0,0
CID104369359,sitagliptin,1,1
CID104474778,2-hydroxysuccinaldehyde,1,1
CID104479094,doxercalciferol,1,1
CID104479097,hydroxocobalamin,1,1
CID104517618,sodium,2,1
CID104630253,alclometasone,0,0
CID104659568,entacapone,9,1
CID104659569,tolcapone,13,1
CID105001396,warfarin,4,1
CID105251896,vildagliptin,1,1
CID105273759,abacavir-lamivudine,2,1
CID105277135,elvitegravir,1,1
CID105281007,dacarbazine,3,1
CID105310993,acipimox,0,0
CID105311167,halobetasol,1,1
CID105327147,polyoxyethylene,0,0
CID105328940,bosutinib,0,0
CID105353894,pralidoxime,0,0
CID105353980,sulfasalazine,7,1
CID105359596,arsenic,7,1
CID105360237,Paroven,0,0
CID105361912,rifabutin,3,1
CID105361917,methylnaltrexone,0,0
CID105362070,balsalazide,0,0
CID105362420,verteporfin,2,1
CID105381226,rifampicin,2,1
CID105462337,olsalazine,3,1
CID105464096,ramiprilat,8,1
CID105479141,CGP,5,1
CID105487068,Mersyndol,4,1
CID105487301,tegaserod,2,1
CID105488383,ofatumumab,0,0
CID105488547,alvimopan,0,0
CID105493381,deferasirox,0,0
CID106102852,gadobutrol,2,1
CID106323497,rifapentine,6,1
CID106326970,selenium,0,0
CID106328144,radium,0,0
CID106328526,AC1O3HA7,2,1
CID106331630,eribulin,7,1
CID106333887,auranofin,1,1
CID106398970,cefdinir,3,1
CID106433082,hexaminolevulinate,0,0
CID106433091,tapentadol,8,1
CID106433101,tafluprost,0,0
CID106433117,indacaterol,2,1
CID106433119,rivaroxaban,2,1
CID106435110,ivermectin,5,1
CID106437075,Timentin,1,1
CID106440191,fidaxomicin,0,0
CID106442177,everolimus,6,1
CID106445540,ixabepilone,12,1
CID106452749,Locorten,0,0
CID106453361,Sativex,5,1
CID106477186,delamanid,4,1
CID106850789,iron,3,1
CID106850791,leuprorelin,10,1
CID106918182,strontium,4,1
CID106918313,vilazodone,3,1
CID106918366,fosaprepitant,3,1
CID106918430,ceftobiprole,1,1
CID106918456,prasugrel,0,0
CID106918462,retapamulin,0,0
CID106918558,fesoterodine,1,1
CID106918584,sugammadex,0,0
CID106918638,belinostat,0,0
CID106918670,PEP005,0,0
CID109794842,tasimelteon,0,0
CID109800339,olodaterol,0,0
CID109810131,ceftaroline,1,1
CID109811221,cabazitaxel,4,1
CID109812414,dalteparin,4,1
CID109815559,trans,3,1
CID109818231,tofacitinib,1,1
CID109825285,azilsartan,0,0
CID109831414,Lovaza,2,1
CID109831761,irbesartan-hydrochlorothiazide,4,1
CID109831783,Stalevo,11,1
CID109846180,eltrombopag,1,1
CID109853053,lomitapide,1,1
CID109854489,fluticasone,1,1
CID109865528,mirabegron,0,0
CID109869929,avanafil,1,1
CID109871419,ticagrelor,4,1
CID109887712,dapagliflozin,0,0
CID109898619,Depreotide,0,0
CID109912092,apremilast,0,0
CID109924495,perampanel,4,1
CID109930048,vernakalant,3,1
CID109940864,Benicar-HCT,0,0
CID109941444,SOM230,0,0
CID109966051,Lu,0,0
CID110028615,vorapaxar,0,0
CID110096344,linagliptin,0,0
CID110107393,18F-flutemetamol,0,0
CID110113978,pazopanib,6,1
CID110163178,afatinib,0,0
CID110178705,besifloxacin,0,0
CID110182969,apixaban,2,1
CID110324367,boceprevir,10,1
CID110465263,lorcaserin,3,1
CID110482134,glycerol,0,0
CID111001318,tafamidis,0,0
CID111020241,ascorbate,2,1
CID111163584,alogliptin,0,0
CID111167602,regorafenib,2,1
CID111228026,aclidinium,0,0
CID111234049,TR-700,2,1
CID111235728,Saxagliptin,0,0
CID111238823,azilsartan,0,0
CID111254352,sodium,4,1
CID111304743,riociguat,0,0
CID111499245,AN2690,0,0
CID111501341,florbetaben,0,0
CID111505907,Zyprexa,17,1
CID111519069,umeclidinium,0,0
CID111531537,eliglustat,0,0
CID111556711,Carfilzomib,3,1
CID111593706,sevelamer,0,0
CID111597571,crizotinib,7,1
CID111597697,lisdexamfetamine,3,1
CID111672461,gadofosveset,3,1
CID111707110,trametinib,0,0
CID111722286,spinosad,0,0
CID111947681,nitroprusside,0,0
CID111949646,empagliflozin,3,1
CID111979316,vasopressin,1,1
CID113559279,ulipristal,0,0
CID115951529,MDV3100,5,1
CID116004692,macitentan,0,0
CID116065945,TMC435,0,0
CID116126651,PCI-32765,1,1
CID116129616,salmon,6,1
CID116129617,cosyntropin,1,1
CID116129629,LY146032,8,1
CID116129632,Nuvocid,0,0
CID116129665,Vitrum,4,1
CID116129672,Insulin,10,1
CID116129682,Forteo,2,1
CID116129690,ziconotide,16,1
CID116129701,T-A2-3,1,1
CID116129703,Revasc,1,1
CID116129704,Bivalirudin,3,1
CID116130199,Enfuvirtide,5,1
CID116130295,BPTI,2,1
CID116130957,Org,0,0
CID116131215,Abarelix,0,0
CID116131310,hepatitis,11,1
CID116132265,ACTH(1-39,1,1
CID116132283,glucagon,1,1
CID116132344,oCRH,2,1
CID116132418,NovoLog,6,1
CID116132438,Humalog,2,1
CID116132441,Refludan,2,1
CID116132446,Symlin,0,0
CID116134956,liraglutide,0,0
CID116136245,degarelix,0,0
CID116137271,insulin,12,1
CID116139342,Lyxumia,0,0
CID116139605,teduglutide,3,1
CID116156130,exenatide,4,1
CID116158207,linaclotide,0,0
CID116158473,o291,3,1
CID116213095,pentastarch,0,0
CID116220172,ivacaftor,0,0
CID117754772,ruxolitinib,0,0
CID119371515,alcaftadine,0,0
CID122834577,nesiritide,0,0
CID123668479,raltegravir,9,1
CID123689036,pertechnetate,0,0
CID123690938,piroxicam,10,1
CID124762228,Azarga,0,0
CID124776445,vismodegib,0,0
CID124812758,canagliflozin,3,1
CID124822371,florbetapir,0,0
CID124826799,ponatinib,2,1
CID124838347,glucagon,0,0
CID124846132,hetastarch,0,0
CID124950485,cobicistat,0,0
CID124965990,suvorexant,0,0
CID125074470,Triptorelin,5,1
CID125074886,cetrorelix,0,0
CID125077405,Nafarelin,2,1
CID125077993,Histrelin,3,1
CID125094462,sofosbuvir,1,1
CID125102847,cabozantinib,10,1
CID125880656,doxycycline,2,1
CID125880664,tetracycline,0,0
CID126275995,minocycline,5,1
CID140468184,acenocoumarol,0,0
CID142611257,vemurafenib,1,1
CID144134877,oxytetracycline,0,0
CID144146714,Lantus,3,1
CID144201342,tesamorelin,2,1
CID144201343,ecallantide,0,0
CID144462760,dabrafenib,0,0
CID144564107,mipomersen,0,0
CID144564722,Promacta,0,0
CID144567678,dalbavancin,0,0
CID146181941,Signifor,0,0
CID146216142,dolutegravir,0,0
CID151508717,tenoxicam,0,0
CID151601240,demeclocycline,0,0
CID153477714,heparin,0,0
CID153627505,hydroxypropyl,0,0
CID154677977,A77,4,1
CID154681041,tigecycline,4,1
CID154682541,doxycycline,0,0
CID154687131,lymecycline,0,0
CID156603655,pegaptanib,0,0
CID156842239,n-3,0,0
CID170683024,x,0,0
CID170695640,colestyramine,4,1
CID171306834,K779,17,1
